,sold_date,sold_price,bed_room,bath_room,property_sqft,property_alot,address
0,"Sold - Oct 17, 2023","$275,000",4bed,2.5bath,"1,980sqft1,980 square feet",0.34acre lot0.34 acre lot,"1710 Lochmoor BlvdJackson, MI 49201"
1,"Sold - Aug 4, 2023","$46,200",2bed,1bath,920sqft920 square feet,"3,920sqft lot3,920 square foot lot","1402 E North StJackson, MI 49202"
2,"Sold - Nov 14, 2023","$161,000",3bed,1bath,"1,876sqft1,876 square feet",0.24acre lot0.24 acre lot,"333 N Bowen StJackson, MI 49202"
3,"Sold - Sep 18, 2023","$255,000",4bed,1bath,"1,508sqft1,508 square feet","6,970sqft lot6,970 square foot lot","508 Gilletts Lake RdJackson, MI 49201"
4,"Sold - Aug 18, 2023","$69,500$500",2bed,1bath,720sqft720 square feet,"4,356sqft lot4,356 square foot lot","506 Detroit StJackson, MI 49201"
5,"Sold - Jun 16, 2023","$65,000",2bed,1bath,791sqft791 square feet,0.34acre lot0.34 acre lot,"3230 Gregory RdJackson, MI 49202"
6,"Sold - Sep 25, 2023","$72,500$14k",3bed,1.5bath,"1,340sqft1,340 square feet","7,841sqft lot7,841 square foot lot","316 4th StJackson, MI 49201"
7,"Sold - Sep 15, 2023","$150,000",3bed,2bath,"1,277sqft1,277 square feet",0.31acre lot0.31 acre lot,"909 W Ganson StJackson, MI 49202"
8,"Sold - Sep 8, 2023","$98,000",3bed,1.5bath,"1,344sqft1,344 square feet","3,485sqft lot3,485 square foot lot","803 First StJackson, MI 49203"
9,"Sold - Jun 14, 2023","$280,000",3bed,2bath,"1,580sqft1,580 square feet",0.41acre lot0.41 acre lot,"6963 Paddock LnJackson, MI 49201"
10,"Sold - Oct 6, 2023","$329,188",3bed,2.5bath,"1,756sqft1,756 square feet","3,170sqft lot3,170 square foot lot","794 N Stone RdJackson, MI 49201"
11,"Sold - Sep 19, 2023","$74,000",3bed,1.5bath,"1,120sqft1,120 square feet","7,405sqft lot7,405 square foot lot","2919 Francis StJackson, MI 49203"
12,"Sold - Jul 14, 2023","$235,500",3bed,1.5bath,"2,160sqft2,160 square feet",0.3acre lot0.3 acre lot,"1209 S Brown StJackson, MI 49203"
13,"Sold - Nov 21, 2023","$99,900",4bed,2bath,"1,432sqft1,432 square feet","4,356sqft lot4,356 square foot lot","604 Edgewood StJackson, MI 49202"
14,"Sold - Jul 13, 2023","$65,000",,,,0.28acre lot0.28 acre lot,"1035 Maple AveJackson, MI 49203"
15,"Sold - Sep 13, 2023","$99,000$8k",2bed,1bath,796sqft796 square feet,"8,276sqft lot8,276 square foot lot","326 Kenneth StJackson, MI 49203"
16,"Sold - Aug 15, 2023","$116,600",4bed,2.5bath,"1,476sqft1,476 square feet","6,490sqft lot6,490 square foot lot","1402 N Blackstone StJackson, MI 49202"
17,"Sold - Aug 31, 2023","$171,000",2bed,1.5bath,"1,189sqft1,189 square feet","5,663sqft lot5,663 square foot lot","803 S Grinnell StJackson, MI 49203"
18,"Sold - Jul 7, 2023","$390,000",4bed,2.5+bath,"3,477sqft3,477 square feet",0.41acre lot0.41 acre lot,"4569 Sid DrJackson, MI 49201"
19,"Sold - Sep 7, 2023","$205,325$10k",3bed,2bath,"1,456sqft1,456 square feet",1.93acre lot1.93 acre lot,"7721 Lansing AveJackson, MI 49201"
20,"Sold - Oct 30, 2023","$104,900",2bed,1.5bath,"1,130sqft1,130 square feet",,"1960 Westbrook DrJackson, MI 49201"
21,"Sold - Nov 28, 2023","$154,000",2bed,1bath,800sqft800 square feet,0.24acre lot0.24 acre lot,"163 Peacock WalkJackson, MI 49202"
22,"Sold - Nov 28, 2023","$235,000",4bed,2.5+bath,"2,898sqft2,898 square feet","8,712sqft lot8,712 square foot lot","301 S Brown StJackson, MI 49203"
23,"Sold - Jun 26, 2023","$133,000",3bed,1bath,"1,956sqft1,956 square feet","4,792sqft lot4,792 square foot lot","763 Union StJackson, MI 49203"
24,"Sold - Aug 10, 2023","$875,000",8bed,4.5+bath,"7,000sqft7,000 square feet",6.5acre lot6.5 acre lot,"5500 Browns Lake RdJackson, MI 49203"
25,"Sold - Jul 14, 2023","$200,000",2bed,2bath,"1,319sqft1,319 square feet","8,712sqft lot8,712 square foot lot","106 S Higby StJackson, MI 49203"
26,"Sold - Jul 20, 2023","$200,000",3bed,1bath,"1,232sqft1,232 square feet",0.32acre lot0.32 acre lot,"4111 Spring Arbor RdJackson, MI 49201"
27,"Sold - Jul 28, 2023","$52,000",4bed,2bath,"1,858sqft1,858 square feet",2.25acre lot2.25 acre lot,"3043 Springport RdJackson, MI 49201"
28,"Sold - Sep 15, 2023","$405,000$24k",5bed,3bath,"4,244sqft4,244 square feet",0.31acre lot0.31 acre lot,"5922 Finn StJackson, MI 49201"
29,"Sold - Aug 31, 2023","$289,900",2bed,2bath,"1,869sqft1,869 square feet",,"4273 Fairway LnJackson, MI 49201"
30,"Sold - Jun 30, 2023","$180,000",,,,"8,930sqft lot8,930 square foot lot","415 Third StJackson, MI 49201"
31,"Sold - Aug 10, 2023","$149,900",,,,"6,534sqft lot6,534 square foot lot","111 N Wisner StJackson, MI 49202"
32,"Sold - Aug 7, 2023","$250,000",3bed,1.5bath,"2,140sqft2,140 square feet",0.36acre lot0.36 acre lot,"4845 Fleetwood LnJackson, MI 49201"
33,"Sold - Jul 19, 2023","$84,000",3bed,1.5bath,956sqft956 square feet,"6,534sqft lot6,534 square foot lot","222 W Palmer AveJackson, MI 49203"
34,"Sold - Sep 8, 2023","$383,800",5bed,3bath,"3,316sqft3,316 square feet",0.33acre lot0.33 acre lot,"4022 Aviara Oaks PkwyJackson, MI 49201"
35,"Sold - Jul 6, 2023","$30,000",3bed,1bath,855sqft855 square feet,"3,920sqft lot3,920 square foot lot","1811 Lewis StJackson, MI 49203"
36,"Sold - Jun 30, 2023","$145,000",3bed,2bath,"1,455sqft1,455 square feet",0.3acre lot0.3 acre lot,"1804 Chapin StJackson, MI 49203"
37,"Sold - Dec 7, 2023","$323,100",3bed,2.5bath,"1,722sqft1,722 square feet",0.77acre lot0.77 acre lot,"5097 Ruby RdJackson, MI 49201"
38,"Sold - Oct 11, 2023","$322,500",3bed,2.5bath,"1,900sqft1,900 square feet",0.86acre lot0.86 acre lot,"3005 Warwick RdJackson, MI 49203"
39,"Sold - Sep 15, 2023","$359,900",3bed,2.5bath,"1,836sqft1,836 square feet",1.26acre lot1.26 acre lot,"4020 Stony Meadows DrJackson, MI 49201"
40,"Sold - Sep 5, 2023","$251,000",3bed,1.5bath,"1,032sqft1,032 square feet",0.29acre lot0.29 acre lot,"1317 Gerry DrJackson, MI 49202"
41,"Sold - Jul 5, 2023","$219,000",3bed,2bath,"1,684sqft1,684 square feet",0.38acre lot0.38 acre lot,"3387 Loren DrJackson, MI 49203"
42,"Sold - Aug 3, 2023","$65,000",3bed,2bath,"1,490sqft1,490 square feet","8,276sqft lot8,276 square foot lot","708 S Gorham StJackson, MI 49203"
43,"Sold - Sep 26, 2023","$235,000",3bed,1.5bath,"2,158sqft2,158 square feet","2,158sqft lot2,158 square foot lot","530 Gregory PlJackson, MI 49202"
44,"Sold - Aug 18, 2023","$165,000",2bed,2bath,"1,123sqft1,123 square feet",661sqft lot661 square foot lot,"787 W Barrington CirJackson, MI 49203"
45,"Sold - Oct 19, 2023","$350,000",3bed,2bath,"1,748sqft1,748 square feet",1.29acre lot1.29 acre lot,"3501 Natural LnJackson, MI 49203"
46,"Sold - Aug 10, 2023","$141,000",3bed,2bath,"1,344sqft1,344 square feet","8,712sqft lot8,712 square foot lot","746 Randolph StJackson, MI 49203"
47,"Sold - Aug 21, 2023","$250,000",3bed,2.5bath,"1,245sqft1,245 square feet",1.04acre lot1.04 acre lot,"5230 Grand River CirJackson, MI 49201"
48,"Sold - Jul 31, 2023","$159,000",5bed,1bath,"1,820sqft1,820 square feet",2.07acre lot2.07 acre lot,"9173 E Michigan AveJackson, MI 49201"
49,"Sold - Jul 7, 2023","$350,000",3bed,3bath,"2,742sqft2,742 square feet",,"4624 Devon DrJackson, MI 49201"
50,"Sold - Sep 8, 2023","$169,900",2bed,2bath,"1,258sqft1,258 square feet",,"864 W Barrington CirJackson, MI 49203"
51,"Sold - Jul 7, 2023","$160,000",,,,0.53acre lot0.53 acre lot,"2450 Saint David DrJackson, MI 49201"
52,"Sold - Sep 27, 2023","$15,000",,,,0.25acre lot0.25 acre lot,"1031 S Jackson StJackson, MI 49203"
53,"Sold - Oct 14, 2023","$315,000",4bed,2.5bath,"1,960sqft1,960 square feet",3.44acre lot3.44 acre lot,"2280 W Kimmel RdJackson, MI 49201"
54,"Sold - Aug 2, 2023","$9,000",,,,0.27acre lot0.27 acre lot,"V/L Burt AveJackson, MI 49201"
55,"Sold - Nov 20, 2023","$159,000",2bed,1bath,"1,232sqft1,232 square feet","8,712sqft lot8,712 square foot lot","803 S Dettman RdJackson, MI 49203"
56,"Sold - Sep 14, 2023","$364,900",3bed,3bath,"2,265sqft2,265 square feet",,"4115 Stoneridge DrJackson, MI 49203"
57,"Sold - Oct 30, 2023","$190,000",3bed,1.5bath,"1,664sqft1,664 square feet","9,583sqft lot9,583 square foot lot","4053 Cash DrJackson, MI 49201"
58,"Sold - Jul 6, 2023","$152,000",3bed,1bath,972sqft972 square feet,0.38acre lot0.38 acre lot,"245 Kenneth StJackson, MI 49203"
59,"Sold - Aug 23, 2023","$158,000",3bed,2bath,"1,548sqft1,548 square feet",0.23acre lot0.23 acre lot,"115 N Pleasant StJackson, MI 49202"
60,"Sold - Jul 14, 2023","$254,000",3bed,2bath,"1,251sqft1,251 square feet",0.69acre lot0.69 acre lot,"3410 Pine Ridge DrJackson, MI 49201"
61,"Sold - Jun 16, 2023","$8,000",Studio,,600sqft600 square feet,"2,178sqft lot2,178 square foot lot","404 Homewild AveJackson, MI 49201"
62,"Sold - Oct 2, 2023","$129,100",3bed,1bath,909sqft909 square feet,"5,663sqft lot5,663 square foot lot","2118 Sunnyside CtJackson, MI 49203"
63,"Sold - Aug 28, 2023","$175,000",4bed,2bath,"2,477sqft2,477 square feet","5,663sqft lot5,663 square foot lot","501 W Washington AveJackson, MI 49201"
64,"Sold - Jun 16, 2023","$147,500",2bed,1bath,"1,007sqft1,007 square feet","6,534sqft lot6,534 square foot lot","711 Gettysburg AveJackson, MI 49203"
65,"Sold - Nov 21, 2023","$1,407,000$101k",4bed,4.5bath,"5,347sqft5,347 square feet",2.86acre lot2.86 acre lot,"6841 Price Lake Rd NJackson, MI 49201"
66,"Sold - Nov 1, 2023","$72,000",,,,"8,276sqft lot8,276 square foot lot","817 S Elm AveJackson, MI 49203"
67,"Sold - Sep 27, 2023","$225,000$5k",4bed,2.5bath,"2,075sqft2,075 square feet",0.34acre lot0.34 acre lot,"3048 John Glenn DrJackson, MI 49201"
68,"Sold - Aug 11, 2023","$8,200",,,,3.4acre lot3.4 acre lot,"W Michigan AveJackson, MI 49201"
69,"Sold - Nov 8, 2023","$169,900",3bed,1.5bath,"1,504sqft1,504 square feet","6,534sqft lot6,534 square foot lot","106 N Durand StJackson, MI 49202"
70,"Sold - Nov 6, 2023","$230,000",4bed,1.5bath,"2,299sqft2,299 square feet","8,712sqft lot8,712 square foot lot","1010 W Washington AveJackson, MI 49203"
71,"Sold - Oct 6, 2023","$285,000$16k",4bed,2.5bath,"2,446sqft2,446 square feet",9.83acre lot9.83 acre lot,"501 Dalton RdJackson, MI 49201"
72,"Sold - Nov 15, 2023","$148,000",4bed,1.5bath,"1,645sqft1,645 square feet",1acre lot1 acre lot,"237 W Clark StJackson, MI 49203"
73,"Sold - Oct 16, 2023","$95,000",2bed,2bath,980sqft980 square feet,0.55acre lot0.55 acre lot,"4483 Yuma DrJackson, MI 49201"
74,"Sold - Aug 31, 2023","$240,000",9bed,5bath,,1.24acre lot1.24 acre lot,"6934 Lansing AveJackson, MI 49201"
75,"Sold - Oct 20, 2023","$315,000",3bed,2bath,"1,402sqft1,402 square feet",0.34acre lot0.34 acre lot,"3399 Pine Ridge DrJackson, MI 49201"
76,"Sold - Jul 21, 2023","$25,000",4bed,1bath,"1,332sqft1,332 square feet","6,316sqft lot6,316 square foot lot","922 S Martin Luther King DrJackson, MI 49203"
77,"Sold - Oct 20, 2023","$95,000",,,,10acre lot10 acre lot,"Kibby RdJackson, MI 49201"
78,"Sold - Oct 20, 2023","$217,000$4.9k",4bed,2bath,"2,276sqft2,276 square feet",0.3acre lot0.3 acre lot,"1115 Oakdale AveJackson, MI 49203"
79,"Sold - Nov 2, 2023","$101,000",,,,"3,049sqft lot3,049 square foot lot","107 W Wilkins StJackson, MI 49203"
80,"Sold - Sep 15, 2023","$136,000",3bed,1bath,"1,442sqft1,442 square feet","8,712sqft lot8,712 square foot lot","1509 Daniel RdJackson, MI 49202"
81,"Sold - Nov 3, 2023","$90,000",3bed,1bath,"1,316sqft1,316 square feet",0.36acre lot0.36 acre lot,"1808 Carlton BlvdJackson, MI 49203"
82,"Sold - Aug 25, 2023","$184,900",2bed,1bath,"2,452sqft2,452 square feet","6,098sqft lot6,098 square foot lot","780 Oakridge DrJackson, MI 49203"
83,"Sold - Nov 14, 2023","$205,800",3bed,1bath,"1,411sqft1,411 square feet",0.59acre lot0.59 acre lot,"2600 McCain RdJackson, MI 49203"
84,"Sold - Oct 27, 2023","$79,900",2bed,1bath,672sqft672 square feet,"5,663sqft lot5,663 square foot lot","720 Seymour AveJackson, MI 49202"
85,"Sold - Jun 21, 2023","$670,000",5bed,3.5+bath,"6,011sqft6,011 square feet",1.06acre lot1.06 acre lot,"3403 Stonewall RdJackson, MI 49203"
86,"Sold - Jul 20, 2023","$180,000",3bed,1bath,"1,484sqft1,484 square feet","5,940sqft lot5,940 square foot lot","743 Carlton BlvdJackson, MI 49203"
87,"Sold - Sep 15, 2023","$19,900",,,,0.4acre lot0.4 acre lot,"3000 Kibby RdJackson, MI 49203"
88,"Sold - Nov 29, 2023","$290,000",7bed,3bath,"2,895sqft2,895 square feet",3.06acre lot3.06 acre lot,"6264 Draper RdJackson, MI 49201"
89,"Sold - Nov 28, 2023","$229,900$5k",3bed,2.5bath,"1,464sqft1,464 square feet",1acre lot1 acre lot,"2893 S Wood Dale DrJackson, MI 49203"
90,"Sold - Aug 11, 2023","$245,000",5bed,3bath,"3,247sqft3,247 square feet",2.06acre lot2.06 acre lot,"9547 State RdJackson, MI 49201"
91,"Sold - Jul 5, 2023","$195,200",3bed,2bath,"1,240sqft1,240 square feet","8,276sqft lot8,276 square foot lot","3435 Acacia BlvdJackson, MI 49203"
92,"Sold - Oct 27, 2023","$158,000$5k",4bed,1bath,"1,450sqft1,450 square feet","6,098sqft lot6,098 square foot lot","1308 Leroy StJackson, MI 49202"
93,"Sold - Nov 13, 2023","$174,500",2bed,2bath,"1,128sqft1,128 square feet",,"1927 Coventry Cir Unit 28Jackson, MI 49201"
94,"Sold - Aug 15, 2023","$80,000",4bed,1.5bath,"1,096sqft1,096 square feet","8,712sqft lot8,712 square foot lot","267 Douglas StJackson, MI 49203"
95,"Sold - Aug 3, 2023","$79,060",2bed,1.5bath,"1,600sqft1,600 square feet","3,049sqft lot3,049 square foot lot","1325 E North StJackson, MI 49202"
96,"Sold - Dec 1, 2023","$124,900$10k",3bed,1.5bath,"1,504sqft1,504 square feet","8,712sqft lot8,712 square foot lot","314 N Pleasant StJackson, MI 49202"
97,"Sold - Nov 1, 2023","$105,000",3bed,1bath,"1,280sqft1,280 square feet","5,663sqft lot5,663 square foot lot","829 Wells StJackson, MI 49202"
98,"Sold - Sep 29, 2023","$189,900",3bed,1bath,"1,569sqft1,569 square feet",0.29acre lot0.29 acre lot,"3509 Harding RdJackson, MI 49203"
99,"Sold - Oct 30, 2023","$155,000$5.1k",2bed,2bath,"1,120sqft1,120 square feet",,"1955 Coventry RdJackson, MI 49201"
100,"Sold - Nov 10, 2023","$154,000",4bed,1bath,"1,266sqft1,266 square feet","9,148sqft lot9,148 square foot lot","611 Edgewood StJackson, MI 49202"
101,"Sold - Oct 10, 2023","$204,000$5k",4bed,2bath,"1,634sqft1,634 square feet",0.24acre lot0.24 acre lot,"765 20th StJackson, MI 49203"
102,"Sold - Oct 13, 2023","$739,000",6bed,5.5bath,"6,284sqft6,284 square feet",1.4acre lot1.4 acre lot,"4940 Country LnJackson, MI 49201"
103,"Sold - Oct 20, 2023","$174,000",3bed,1.5bath,"1,892sqft1,892 square feet",0.29acre lot0.29 acre lot,"710 Griswold StJackson, MI 49203"
104,"Sold - Jul 25, 2023","$666,300",4bed,2bath,"4,192sqft4,192 square feet",5acre lot5 acre lot,"3780 Hawkins RdJackson, MI 49201"
105,"Sold - Sep 8, 2023","$369,000",3bed,2.5bath,"2,022sqft2,022 square feet",0.37acre lot0.37 acre lot,"858 Meadows DrJackson, MI 49203"
106,"Sold - Jul 17, 2023","$442,500",,2.5bath,"3,004sqft3,004 square feet",0.52acre lot0.52 acre lot,"1722 Probert RdJackson, MI 49203"
107,"Sold - Sep 27, 2023","$275,000",4bed,2bath,"1,882sqft1,882 square feet",0.29acre lot0.29 acre lot,"3142 John Glenn DrJackson, MI 49201"
108,"Sold - Jun 16, 2023","$255,000",4bed,2bath,"2,124sqft2,124 square feet",0.61acre lot0.61 acre lot,"3405 Pine Ridge DrJackson, MI 49201"
109,"Sold - Sep 1, 2023","$245,000",4bed,1.5bath,"1,761sqft1,761 square feet",0.42acre lot0.42 acre lot,"3812 Deerfield DrJackson, MI 49203"
110,"Sold - Sep 1, 2023","$370,000",4bed,3bath,"3,144sqft3,144 square feet",0.34acre lot0.34 acre lot,"1023 Engelhardt Strasse StJackson, MI 49201"
111,"Sold - Oct 13, 2023","$156,000$10k",2bed,1bath,"1,150sqft1,150 square feet","5,663sqft lot5,663 square foot lot","1826 Spring Arbor RdJackson, MI 49203"
112,"Sold - Dec 4, 2023","$55,000$28.4k",,,,5.04acre lot5.04 acre lot,"Vl Ridge RdJackson, MI 49201"
113,"Sold - Dec 1, 2023","$305,000$20k",3bed,2.5bath,"1,780sqft1,780 square feet",0.38acre lot0.38 acre lot,"838 Meadows DrJackson, MI 49203"
114,"Sold - Jul 14, 2023","$218,000",3bed,1bath,"1,481sqft1,481 square feet",0.32acre lot0.32 acre lot,"1245 Levant StJackson, MI 49203"
115,"Sold - Aug 18, 2023","$269,000",4bed,2.5bath,"2,884sqft2,884 square feet",0.33acre lot0.33 acre lot,"2138 Tamie WayJackson, MI 49203"
116,"Sold - Oct 13, 2023","$24,250",3bed,1.5+bath,"1,344sqft1,344 square feet","6,534sqft lot6,534 square foot lot","808 Cooley PlJackson, MI 49203"
117,"Sold - Nov 9, 2023","$115,000$5k",3bed,1.5bath,"1,518sqft1,518 square feet","5,663sqft lot5,663 square foot lot","603 S West AveJackson, MI 49203"
118,"Sold - Oct 5, 2023","$20,000",4bed,1.5bath,"1,568sqft1,568 square feet","6,098sqft lot6,098 square foot lot","1004 Williams StJackson, MI 49203"
119,"Sold - Nov 21, 2023","$230,000",2bed,2bath,"1,849sqft1,849 square feet",,"2809 S Wood Dale DrJackson, MI 49203"
120,"Sold - Aug 28, 2023","$60,000",,,,"4,792sqft lot4,792 square foot lot","2004 Sweet AveJackson, MI 49203"
121,"Sold - Sep 26, 2023","$124,900",3bed,2bath,"1,188sqft1,188 square feet",0.3acre lot0.3 acre lot,"534 St Clair AveJackson, MI 49202"
122,"Sold - Dec 7, 2023","$180,000",3bed,1bath,"1,798sqft1,798 square feet",0.54acre lot0.54 acre lot,"416 Bradley DrJackson, MI 49201"
123,"Sold - Aug 28, 2023","$164,900",3bed,1bath,902sqft902 square feet,0.24acre lot0.24 acre lot,"115 Cardinal CrstJackson, MI 49202"
124,"Sold - Sep 27, 2023","$295,000",3bed,2.5bath,"1,850sqft1,850 square feet",0.99acre lot0.99 acre lot,"102 Bentwood DrJackson, MI 49201"
125,"Sold - Dec 8, 2023","$205,000$10k",3bed,1.5bath,"1,092sqft1,092 square feet",0.6acre lot0.6 acre lot,"6005 Springfield DrJackson, MI 49201"
126,"Sold - Oct 20, 2023","$265,000",4bed,2.5bath,"2,600sqft2,600 square feet",0.52acre lot0.52 acre lot,"2821 Lee Willa DrJackson, MI 49203"
127,"Sold - Nov 20, 2023","$105,000$5k",3bed,1.5bath,"1,144sqft1,144 square feet","4,356sqft lot4,356 square foot lot","214 S Dwight StJackson, MI 49203"
128,"Sold - Aug 18, 2023","$265,000$34.08k",11bed,6.5+bath,"6,545sqft6,545 square feet",0.4acre lot0.4 acre lot,"1013 Carlton BlvdJackson, MI 49203"
129,"Sold - Aug 24, 2023","$322,500$25k",3bed,2.5bath,"2,821sqft2,821 square feet",0.51acre lot0.51 acre lot,"3825 E Walmont RdJackson, MI 49203"
130,"Sold - Sep 14, 2023","$266,100",4bed,2bath,"2,288sqft2,288 square feet",0.44acre lot0.44 acre lot,"2876 N Oak Creek DrJackson, MI 49201"
131,"Sold - Sep 29, 2023","$169,000",2bed,2bath,"1,120sqft1,120 square feet",,"928 Oak Brook DrJackson, MI 49203"
132,"Sold - Jun 28, 2023","$425,000",5bed,3.5bath,"3,391sqft3,391 square feet",0.59acre lot0.59 acre lot,"609 S Durand StJackson, MI 49203"
133,"Sold - Aug 21, 2023","$131,000$10k",2bed,2bath,816sqft816 square feet,"8,712sqft lot8,712 square foot lot","256 Curtis AveJackson, MI 49203"
134,"Sold - Sep 20, 2023","$225,000",3bed,1.5bath,"1,356sqft1,356 square feet",1.48acre lot1.48 acre lot,"2531 E South StJackson, MI 49201"
135,"Sold - Oct 31, 2023","$54,000",2bed,1bath,832sqft832 square feet,0.35acre lot0.35 acre lot,"814 Burr StJackson, MI 49201"
136,"Sold - Jun 30, 2023","$130,000",,,,"8,276sqft lot8,276 square foot lot","723 Tomlinson StJackson, MI 49203"
137,"Sold - Nov 28, 2023","$50,000$10k",4bed,1bath,"2,534sqft2,534 square feet",0.8acre lot0.8 acre lot,"205 S Dettman RdJackson, MI 49203"
138,"Sold - Nov 16, 2023","$135,000",3bed,1bath,"1,092sqft1,092 square feet","9,148sqft lot9,148 square foot lot","728 Whitney StJackson, MI 49202"
139,"Sold - Oct 27, 2023","$2,000",,,,"5,227sqft lot5,227 square foot lot","Addison St Lot 49Jackson, MI 49203"
140,"Sold - Sep 8, 2023","$119,900",2bed,1bath,840sqft840 square feet,"2,178sqft lot2,178 square foot lot","619 Backus StJackson, MI 49202"
141,"Sold - Oct 6, 2023","$74,900$10k",3bed,1.5bath,"1,634sqft1,634 square feet","6,534sqft lot6,534 square foot lot","2102 E Ganson StJackson, MI 49202"
142,"Sold - Dec 8, 2023","$310,000$15k",2bed,2bath,"1,841sqft1,841 square feet",1acre lot1 acre lot,"109 W Washington Ave Apt 15Jackson, MI 49201"
143,"Sold - Aug 1, 2023","$165,100",2bed,2bath,"1,258sqft1,258 square feet",715sqft lot715 square foot lot,"848 W Barrington CirJackson, MI 49203"
144,"Sold - Jul 5, 2023","$267,000",4bed,1.5+bath,"2,234sqft2,234 square feet",1.9acre lot1.9 acre lot,"4680 Reynolds RdJackson, MI 49201"
145,"Sold - Sep 20, 2023","$125,000$10k",2bed,1bath,851sqft851 square feet,"7,841sqft lot7,841 square foot lot","738 Fairyland AveJackson, MI 49202"
146,"Sold - Jul 31, 2023","$32,100",1bed,1bath,512sqft512 square feet,1acre lot1 acre lot,"1117 Woodworth RdJackson, MI 49202"
147,"Sold - Nov 1, 2023","$205,000",3bed,1bath,925sqft925 square feet,0.33acre lot0.33 acre lot,"5628 Holly DrJackson, MI 49201"
148,"Sold - Aug 3, 2023","$15,000",,,,0.79acre lot0.79 acre lot,"14 Twin Meadow DrJackson, MI 49201"
149,"Sold - Nov 29, 2023","$41,900$6.1k",3bed,1bath,"1,168sqft1,168 square feet","4,356sqft lot4,356 square foot lot","734 Irving StJackson, MI 49202"
150,"Sold - Nov 2, 2023","$295,000",3bed,1.5bath,"2,200sqft2,200 square feet",0.29acre lot0.29 acre lot,"2326 Smalley StJackson, MI 49203"
151,"Sold - Jul 13, 2023","$75,000",2bed,1bath,600sqft600 square feet,"6,098sqft lot6,098 square foot lot","3432 Sunnyheart AveJackson, MI 49202"
152,"Sold - Oct 18, 2023","$77,500$11.45k",,,,14.37acre lot14.37 acre lot,"V/L Thru Roamin DrJackson, MI 49201"
153,"Sold - Dec 5, 2023","$252,500",3bed,1.5bath,"1,456sqft1,456 square feet",1acre lot1 acre lot,"3760 Sargent RdJackson, MI 49201"
154,"Sold - Sep 15, 2023","$425,000$25k",5bed,3.5bath,"4,456sqft4,456 square feet",1.94acre lot1.94 acre lot,"3720 W Primilia LnJackson, MI 49201"
155,"Sold - Aug 18, 2023","$154,000",3bed,2.5bath,"1,802sqft1,802 square feet",,"2792 Walden Woods BlvdJackson, MI 49201"
156,"Sold - Nov 22, 2023","$265,000",3bed,1.5bath,"1,440sqft1,440 square feet",0.36acre lot0.36 acre lot,"2073 Campbell DrJackson, MI 49202"
157,"Sold - Nov 3, 2023","$102,000",3bed,2bath,"1,072sqft1,072 square feet","6,534sqft lot6,534 square foot lot","349 N Dwight StJackson, MI 49202"
158,"Sold - Aug 30, 2023","$22,500",,,,1.11acre lot1.11 acre lot,"Jackson, MI 49201"
159,"Sold - Aug 10, 2023","$125,000",2bed,1bath,"1,180sqft1,180 square feet","4,356sqft lot4,356 square foot lot","1809 Lewis StJackson, MI 49203"
160,"Sold - Jul 31, 2023","$166,000",3bed,2bath,"1,506sqft1,506 square feet","5,227sqft lot5,227 square foot lot","616 Jefferson StJackson, MI 49202"
161,"Sold - Oct 27, 2023","$96,000",2bed,1bath,759sqft759 square feet,"2,614sqft lot2,614 square foot lot","511 Adams StJackson, MI 49202"
162,"Sold - Jun 28, 2023","$126,400",3bed,1bath,"1,573sqft1,573 square feet","4,792sqft lot4,792 square foot lot","617 Union StJackson, MI 49203"
163,"Sold - Sep 12, 2023","$256,500",3bed,2bath,"1,332sqft1,332 square feet",0.71acre lot0.71 acre lot,"6535 Rives Junction RdJackson, MI 49201"
164,"Sold - Aug 10, 2023","$58,000",,,,4.72acre lot4.72 acre lot,"GreenwoodJackson, MI 49201"
165,"Sold - Jul 14, 2023","$15,000",,,,0.58acre lot0.58 acre lot,"Page AveJackson, MI 49201"
166,"Sold - Dec 1, 2023","$205,000",4bed,2bath,"1,956sqft1,956 square feet","6,534sqft lot6,534 square foot lot","206 S Grinnell StJackson, MI 49203"
167,"Sold - Dec 1, 2023","$235,000$5k",3bed,2bath,"1,518sqft1,518 square feet",0.37acre lot0.37 acre lot,"601 Robinson RdJackson, MI 49203"
168,"Sold - Jun 27, 2023","$369,900",3bed,2bath,"1,816sqft1,816 square feet",0.38acre lot0.38 acre lot,"1940 Warren AveJackson, MI 49203"
169,"Sold - Nov 3, 2023","$310,000",3bed,2bath,"2,362sqft2,362 square feet",1.07acre lot1.07 acre lot,"7117 E Michigan AveJackson, MI 49201"
170,"Sold - Jul 14, 2023","$15,000",,,,0.58acre lot0.58 acre lot,"Page AveJackson, MI 49201"
171,"Sold - Nov 17, 2023","$800,000",,,,3.3acre lot3.3 acre lot,"7657 Ann Arbor RdJackson, MI 49201"
172,"Sold - Jun 26, 2023","$175,000",,,,32acre lot32 acre lot,"10750 Churchill RdJackson, MI 49201"
173,"Sold - Sep 21, 2023","$129,000",3bed,1.5bath,"1,116sqft1,116 square feet","4,356sqft lot4,356 square foot lot","534 Orange StJackson, MI 49202"
174,"Sold - Aug 9, 2023","$365,000",5bed,3bath,"3,738sqft3,738 square feet",4.63acre lot4.63 acre lot,"6456 Jordan RdJackson, MI 49201"
175,"Sold - Oct 24, 2023","$370,000",3bed,3bath,"2,634sqft2,634 square feet",,"4672 Suffolk LnJackson, MI 49201"
176,"Sold - Aug 28, 2023","$133,900$1k",3bed,1bath,"1,144sqft1,144 square feet","4,356sqft lot4,356 square foot lot","614 N State StJackson, MI 49202"
177,"Sold - Jul 5, 2023","$169,000",3bed,1.5bath,"1,306sqft1,306 square feet",0.52acre lot0.52 acre lot,"1224 Seymour AveJackson, MI 49202"
178,"Sold - Jul 21, 2023","$344,587",3bed,2.5bath,"1,756sqft1,756 square feet",1.33acre lot1.33 acre lot,"4010 Stoney Meadows DrJackson, MI 49201"
179,"Sold - Nov 22, 2023","$230,000",3bed,2bath,"1,319sqft1,319 square feet",0.4acre lot0.4 acre lot,"3382 Harben StJackson, MI 49203"
180,"Sold - Dec 1, 2023","$28,500",Studio,1bath,516sqft516 square feet,,"715 W Michigan Ave Apt 807Jackson, MI 49201"
181,"Sold - Jun 23, 2023","$291,000",3bed,2bath,"3,228sqft3,228 square feet",2acre lot2 acre lot,"5060 Ann Arbor RdJackson, MI 49201"
182,"Sold - Sep 13, 2023","$21,500",,,,1.12acre lot1.12 acre lot,"Leora Ln Lot 1Jackson, MI 49201"
183,"Sold - Jul 7, 2023","$160,000",3bed,1bath,"1,077sqft1,077 square feet","7,841sqft lot7,841 square foot lot","3448 Tracey DrJackson, MI 49203"
184,"Sold - Nov 20, 2023","$187,000",3bed,2.5bath,"1,930sqft1,930 square feet",0.44acre lot0.44 acre lot,"118 Summit StJackson, MI 49203"
185,"Sold - Jun 14, 2023","$125,000",3bed,1bath,"1,204sqft1,204 square feet","3,920sqft lot3,920 square foot lot","1411 Mound AveJackson, MI 49203"
186,"Sold - Jul 17, 2023","$219,500",,,,2acre lot2 acre lot,"9355 Lee RdJackson, MI 49201"
187,"Sold - Jun 21, 2023","$350,000",3bed,2bath,"1,900sqft1,900 square feet",3.73acre lot3.73 acre lot,"5954 Brills Lake RdJackson, MI 49201"
188,"Sold - Jun 30, 2023","$39,900",Studio,1bath,518sqft518 square feet,,"715 W Michigan Ave Apt 607Jackson, MI 49201"
189,"Sold - Oct 18, 2023","$160,000",3bed,1bath,"1,008sqft1,008 square feet","8,276sqft lot8,276 square foot lot","741 Oakdale AveJackson, MI 49203"
190,"Sold - Oct 31, 2023","$173,000",3bed,1bath,"1,756sqft1,756 square feet","6,098sqft lot6,098 square foot lot","238 Wright StJackson, MI 49203"
191,"Sold - Jul 31, 2023","$115,000",3bed,1bath,"1,144sqft1,144 square feet","6,534sqft lot6,534 square foot lot","709 Center StJackson, MI 49202"
192,"Sold - Jun 15, 2023","$237,000",3bed,1.5bath,"2,003sqft2,003 square feet",0.94acre lot0.94 acre lot,"5025 Rimers DrJackson, MI 49201"
193,"Sold - Sep 20, 2023","$185,000",3bed,2bath,"1,976sqft1,976 square feet",0.45acre lot0.45 acre lot,"2017 1st StJackson, MI 49203"
194,"Sold - Aug 17, 2023","$187,500",3bed,1bath,"1,650sqft1,650 square feet",0.61acre lot0.61 acre lot,"3333 Seymour RdJackson, MI 49201"
195,"Sold - Aug 3, 2023","$475,000",4bed,3.5bath,"3,320sqft3,320 square feet",0.59acre lot0.59 acre lot,"3171 Rockingham RdJackson, MI 49203"
196,"Sold - Sep 28, 2023","$30,000",3bed,2bath,"1,344sqft1,344 square feet",0.38acre lot0.38 acre lot,"5650 Trailer DrJackson, MI 49201"
197,"Sold - Nov 22, 2023","$182,000$4k",3bed,1.5bath,"1,400sqft1,400 square feet","8,712sqft lot8,712 square foot lot","1514 S West AveJackson, MI 49203"
198,"Sold - Jun 27, 2023","$38,000",,,,0.44acre lot0.44 acre lot,"Vl Coronado Dr Unit 43Jackson, MI 49201"
199,"Sold - Jul 11, 2023","$178,500",,,,0.39acre lot0.39 acre lot,"2262 Saines Manor DrJackson, MI 49201"
200,"Sold - Oct 19, 2023","$166,000$10k",4bed,2.5bath,"1,193sqft1,193 square feet","4,792sqft lot4,792 square foot lot","1024 Hill PlJackson, MI 49202"
201,"Sold - Jul 28, 2023","$80,000",2bed,1bath,924sqft924 square feet,"3,833sqft lot3,833 square foot lot","549 Seymour AveJackson, MI 49202"
202,"Sold - Oct 13, 2023","$30,000",2bed,1bath,960sqft960 square feet,"5,271sqft lot5,271 square foot lot","312 E Addison StJackson, MI 49203"
203,"Sold - Oct 20, 2023","$235,000",3bed,2bath,"2,073sqft2,073 square feet",0.4acre lot0.4 acre lot,"510 Sulgrave AveJackson, MI 49203"
204,"Sold - Sep 21, 2023","$122,500$4.1k",2bed,2bath,"1,040sqft1,040 square feet",0.37acre lot0.37 acre lot,"320 Evelyn StJackson, MI 49203"
205,"Sold - Aug 4, 2023","$177,000",3bed,2bath,"1,680sqft1,680 square feet",0.82acre lot0.82 acre lot,"4214 County Farm RdJackson, MI 49201"
206,"Sold - Sep 28, 2023","$140,000",3bed,1bath,960sqft960 square feet,"6,534sqft lot6,534 square foot lot","207 N Brown StJackson, MI 49202"
207,"Sold - Dec 8, 2023","$43,000",2bed,1bath,744sqft744 square feet,"6,534sqft lot6,534 square foot lot","312 E Robinson StJackson, MI 49203"
208,"Sold - Dec 11, 2023","$65,000",3bed,1bath,"1,728sqft1,728 square feet","6,534sqft lot6,534 square foot lot","127 Damon StJackson, MI 49203"
209,"Sold - Aug 30, 2023","$275,000",4bed,2bath,"2,352sqft2,352 square feet",4.99acre lot4.99 acre lot,"8625 Abbey RdJackson, MI 49201"
210,"Sold - Dec 8, 2023","$310,000$15k",2bed,2bath,"1,841sqft1,841 square feet",1acre lot1 acre lot,"109 W Washington Ave Apt 15Jackson, MI 49201"
211,"Sold - Aug 21, 2023","$131,000$10k",2bed,2bath,816sqft816 square feet,"8,712sqft lot8,712 square foot lot","256 Curtis AveJackson, MI 49203"
212,"Sold - Aug 24, 2023","$317,000",4bed,2.5bath,"2,361sqft2,361 square feet",0.9acre lot0.9 acre lot,"3551 Timber DrJackson, MI 49203"
213,"Sold - Sep 29, 2023","$199,000",3bed,1bath,"1,014sqft1,014 square feet",0.32acre lot0.32 acre lot,"2664 Fairway DrJackson, MI 49201"
214,"Sold - Aug 28, 2023","$70,000",,,,"8,712sqft lot8,712 square foot lot","124 N Gorham StJackson, MI 49202"
215,"Sold - Aug 23, 2023","$219,900",4bed,2bath,"2,920sqft2,920 square feet","7,405sqft lot7,405 square foot lot","754 Beverly PlJackson, MI 49203"
216,"Sold - Jun 19, 2023","$237,500",3bed,2bath,"1,120sqft1,120 square feet",0.28acre lot0.28 acre lot,"5234 S Boulder StJackson, MI 49201"
217,"Sold - Jun 28, 2023","$160,000",3bed,1bath,"1,020sqft1,020 square feet","7,405sqft lot7,405 square foot lot","1024 S Wisner StJackson, MI 49203"
218,"Sold - Jun 30, 2023","$123,900",3bed,1bath,"1,291sqft1,291 square feet","6,273sqft lot6,273 square foot lot","1135 Hamilton StJackson, MI 49202"
219,"Sold - Jun 30, 2023","$180,000",2bed,2bath,"1,500sqft1,500 square feet",1.8acre lot1.8 acre lot,"5205 Page AveJackson, MI 49201"
220,"Sold - Sep 12, 2023","$256,500",3bed,2bath,"1,332sqft1,332 square feet",0.71acre lot0.71 acre lot,"6535 Rives Junction RdJackson, MI 49201"
221,"Sold - Sep 20, 2023","$225,000",3bed,1.5bath,"1,356sqft1,356 square feet",1.48acre lot1.48 acre lot,"2531 E South StJackson, MI 49201"
222,"Sold - Dec 5, 2023","$252,500",3bed,1.5bath,"1,456sqft1,456 square feet",1acre lot1 acre lot,"3760 Sargent RdJackson, MI 49201"
223,"Sold - Sep 15, 2023","$425,000$25k",5bed,3.5bath,"4,456sqft4,456 square feet",1.94acre lot1.94 acre lot,"3720 W Primilia LnJackson, MI 49201"
224,"Sold - Aug 18, 2023","$154,000",3bed,2.5bath,"1,802sqft1,802 square feet",,"2792 Walden Woods BlvdJackson, MI 49201"
225,"Sold - Nov 22, 2023","$265,000",3bed,1.5bath,"1,440sqft1,440 square feet",0.36acre lot0.36 acre lot,"2073 Campbell DrJackson, MI 49202"
226,"Sold - Nov 3, 2023","$102,000",3bed,2bath,"1,072sqft1,072 square feet","6,534sqft lot6,534 square foot lot","349 N Dwight StJackson, MI 49202"
227,"Sold - Aug 30, 2023","$22,500",,,,1.11acre lot1.11 acre lot,"Jackson, MI 49201"
228,"Sold - Aug 10, 2023","$125,000",2bed,1bath,"1,180sqft1,180 square feet","4,356sqft lot4,356 square foot lot","1809 Lewis StJackson, MI 49203"
229,"Sold - Dec 1, 2023","$205,000",4bed,2bath,"1,956sqft1,956 square feet","6,534sqft lot6,534 square foot lot","206 S Grinnell StJackson, MI 49203"
230,"Sold - Oct 27, 2023","$96,000",2bed,1bath,759sqft759 square feet,"2,614sqft lot2,614 square foot lot","511 Adams StJackson, MI 49202"
231,"Sold - Jun 28, 2023","$126,400",3bed,1bath,"1,573sqft1,573 square feet","4,792sqft lot4,792 square foot lot","617 Union StJackson, MI 49203"
232,"Sold - Jul 14, 2023","$550,000",6bed,3.5bath,"6,027sqft6,027 square feet",2.98acre lot2.98 acre lot,"851 Roselle StJackson, MI 49201"
233,"Sold - Oct 30, 2023","$150,000$10k",2bed,1.5bath,"1,910sqft1,910 square feet",0.42acre lot0.42 acre lot,"2006 Parkwood WayJackson, MI 49203"
234,"Sold - Aug 31, 2023","$75,000",2bed,1bath,784sqft784 square feet,"8,276sqft lot8,276 square foot lot","149 Avondale AveJackson, MI 49203"
235,"Sold - Dec 1, 2023","$235,000$5k",3bed,2bath,"1,518sqft1,518 square feet",0.37acre lot0.37 acre lot,"601 Robinson RdJackson, MI 49203"
236,"Sold - Nov 13, 2023","$77,000",2bed,1bath,800sqft800 square feet,"7,841sqft lot7,841 square foot lot","334 Oak Grove AveJackson, MI 49203"
237,"Sold - Jul 20, 2023","$267,000",4bed,2.5bath,"1,775sqft1,775 square feet",1.16acre lot1.16 acre lot,"3509 Balmars AveJackson, MI 49201"
238,"Sold - Jul 31, 2023","$166,000",3bed,2bath,"1,506sqft1,506 square feet","5,227sqft lot5,227 square foot lot","616 Jefferson StJackson, MI 49202"
239,"Sold - Jul 5, 2023","$267,000",4bed,1.5+bath,"2,234sqft2,234 square feet",1.9acre lot1.9 acre lot,"4680 Reynolds RdJackson, MI 49201"
240,"Sold - Sep 20, 2023","$125,000$10k",2bed,1bath,851sqft851 square feet,"7,841sqft lot7,841 square foot lot","738 Fairyland AveJackson, MI 49202"
241,"Sold - Jul 31, 2023","$32,100",1bed,1bath,512sqft512 square feet,1acre lot1 acre lot,"1117 Woodworth RdJackson, MI 49202"
242,"Sold - Nov 29, 2023","$41,900$6.1k",3bed,1bath,"1,168sqft1,168 square feet","4,356sqft lot4,356 square foot lot","734 Irving StJackson, MI 49202"
243,"Sold - Nov 1, 2023","$205,000",3bed,1bath,925sqft925 square feet,0.33acre lot0.33 acre lot,"5628 Holly DrJackson, MI 49201"
244,"Sold - Aug 3, 2023","$15,000",,,,0.79acre lot0.79 acre lot,"14 Twin Meadow DrJackson, MI 49201"
245,"Sold - Sep 29, 2023","$129,000",3bed,2bath,"1,774sqft1,774 square feet",0.28acre lot0.28 acre lot,"1111 Wildwood AveJackson, MI 49202"
246,"Sold - Oct 13, 2023","$41,000$10k",4bed,2bath,"1,680sqft1,680 square feet","5,227sqft lot5,227 square foot lot","1408 Deyo StJackson, MI 49203"
247,"Sold - Jul 7, 2023","$160,000",,,,"7,478sqft lot7,478 square foot lot","2449 Saint Bernard DrJackson, MI 49201"
248,"Sold - Sep 6, 2023","$40,000$10k",4bed,1.5bath,"1,285sqft1,285 square feet","9,583sqft lot9,583 square foot lot","728 S Pleasant StJackson, MI 49203"
249,"Sold - Jun 22, 2023","$152,000",2bed,2.5bath,"1,228sqft1,228 square feet",,"2786 Walden Woods BlvdJackson, MI 49201"
250,"Sold - Jul 14, 2023","$315,000",2bed,2bath,"1,250sqft1,250 square feet",,"4051 Stoneridge DrJackson, MI 49203"
251,"Sold - Oct 18, 2023","$19,900",,,,0.42acre lot0.42 acre lot,"Ida BlvdJackson, MI 49201"
252,"Sold - Oct 18, 2023","$190,000",2bed,1bath,"1,140sqft1,140 square feet",0.94acre lot0.94 acre lot,"1024 Evanston DrJackson, MI 49202"
253,"Sold - Jul 24, 2023","$218,500",3bed,1.5bath,"1,800sqft1,800 square feet",0.26acre lot0.26 acre lot,"3868 Mayfield DrJackson, MI 49203"
254,"Sold - Sep 8, 2023","$120,000",2bed,1bath,"1,112sqft1,112 square feet",0.25acre lot0.25 acre lot,"3111 Matthews StJackson, MI 49203"
255,"Sold - Oct 30, 2023","$255,000$11k",3bed,1bath,"1,663sqft1,663 square feet",1.2acre lot1.2 acre lot,"6044 Riverside DrJackson, MI 49201"
256,"Sold - Aug 29, 2023","$159,900",3bed,2bath,"1,592sqft1,592 square feet","7,405sqft lot7,405 square foot lot","610 Ellery AveJackson, MI 49202"
257,"Sold - Sep 13, 2023","$50,000",5bed,1.5bath,"1,592sqft1,592 square feet","4,356sqft lot4,356 square foot lot","1120 S Milwaukee StJackson, MI 49203"
258,"Sold - Dec 1, 2023","$125,000$7k",3bed,1bath,"1,300sqft1,300 square feet","5,562sqft lot5,562 square foot lot","304 E Monroe StJackson, MI 49202"
259,"Sold - Jul 28, 2023","$765,000",4bed,3.5bath,"3,786sqft3,786 square feet",17.85acre lot17.85 acre lot,"4701 Culley LnJackson, MI 49201"
260,"Sold - Jun 30, 2023","$34,000",1bed,1bath,571sqft571 square feet,,"715 W Michigan Ave Apt 302Jackson, MI 49201"
261,"Sold - Aug 10, 2023","$42,500",,,,"4,356sqft lot4,356 square foot lot","606 S Blackstone StJackson, MI 49203"
262,"Sold - Jul 14, 2023","$2,500",3bed,1bath,"1,380sqft1,380 square feet",0.37acre lot0.37 acre lot,"220 W Palmer AveJackson, MI 49203"
263,"Sold - Sep 1, 2023","$19,900",Studio,,320sqft320 square feet,0.25acre lot0.25 acre lot,"2306 W Washington AveJackson, MI 49203"
264,"Sold - Oct 27, 2023","$50,000",2bed,1bath,"1,180sqft1,180 square feet","7,405sqft lot7,405 square foot lot","512 E Ganson StJackson, MI 49201"
265,"Sold - Sep 7, 2023","$190,000",,,,"8,712sqft lot8,712 square foot lot","714 E Pearl StJackson, MI 49201"
266,"Sold - Aug 15, 2023","$19,500",3bed,1bath,"1,500sqft1,500 square feet","2,178sqft lot2,178 square foot lot","1035 Williams StJackson, MI 49203"
267,"Sold - Jun 21, 2023","$145,000",4bed,1bath,"1,776sqft1,776 square feet","4,356sqft lot4,356 square foot lot","1402 1st StJackson, MI 49203"
268,"Sold - Oct 20, 2023","$125,000",3bed,1.5bath,"1,397sqft1,397 square feet","7,405sqft lot7,405 square foot lot","1001 W Franklin StJackson, MI 49203"
269,"Sold - Jul 13, 2023","$365,000",5bed,2.5+bath,"4,040sqft4,040 square feet",0.35acre lot0.35 acre lot,"901 Oakridge DrJackson, MI 49203"
270,"Sold - Sep 5, 2023","$399,000",4bed,3.5+bath,"2,184sqft2,184 square feet",2.01acre lot2.01 acre lot,"1195 Hayball RdJackson, MI 49201"
271,"Sold - Jul 17, 2023","$190,000",3bed,1.5bath,"2,016sqft2,016 square feet","8,712sqft lot8,712 square foot lot","116 S Higby StJackson, MI 49203"
272,"Sold - Aug 16, 2023","$314,900$2.1k",3bed,2.5bath,"2,591sqft2,591 square feet",1.72acre lot1.72 acre lot,"4156 Ida BlvdJackson, MI 49201"
273,"Sold - Nov 7, 2023","$75,000",2bed,1bath,828sqft828 square feet,"4,792sqft lot4,792 square foot lot","2725 Overhill RdJackson, MI 49203"
274,"Sold - Oct 6, 2023","$220,000",3bed,2bath,"1,496sqft1,496 square feet",0.34acre lot0.34 acre lot,"3104 John Glenn DrJackson, MI 49201"
275,"Sold - Aug 11, 2023","$635,000",4bed,3.5bath,"5,593sqft5,593 square feet",2.18acre lot2.18 acre lot,"7043 Sanctuary DrJackson, MI 49201"
276,"Sold - Aug 11, 2023","$285,000",5bed,2.5bath,"2,730sqft2,730 square feet","7,405sqft lot7,405 square foot lot","770 Bloomfield BlvdJackson, MI 49203"
277,"Sold - Sep 22, 2023","$54,000",2bed,1bath,800sqft800 square feet,,"715 W Michigan Ave Apt 706Jackson, MI 49201"
278,"Sold - Oct 26, 2023","$250,000",2bed,2bath,"2,648sqft2,648 square feet",0.29acre lot0.29 acre lot,"610 S 24th StJackson, MI 49203"
279,"Sold - Nov 17, 2023","$67,900$5k",3bed,1.5bath,"1,176sqft1,176 square feet",0.37acre lot0.37 acre lot,"1417 Chapin StJackson, MI 49203"
280,"Sold - Sep 6, 2023","$24,900",,,,0.86acre lot0.86 acre lot,"Natural Ln Unit 29Jackson, MI 49203"
281,"Sold - Oct 16, 2023","$150,000",3bed,1bath,966sqft966 square feet,"5,663sqft lot5,663 square foot lot","1037 S Webster StJackson, MI 49203"
282,"Sold - Aug 11, 2023","$125,000$5k",3bed,2bath,"1,281sqft1,281 square feet","8,712sqft lot8,712 square foot lot","1328 E Ganson StJackson, MI 49201"
283,"Sold - Sep 1, 2023","$175,000$1.5k",2bed,2bath,"1,128sqft1,128 square feet",,"1928 Coventry Cir Unit 29Jackson, MI 49201"
284,"Sold - Jun 22, 2023","$145,000",3bed,2.5bath,"1,118sqft1,118 square feet","7,405sqft lot7,405 square foot lot","813 Backus StJackson, MI 49202"
285,"Sold - Jul 24, 2023","$30,000",,,,"8,712sqft lot8,712 square foot lot","519 N Blackstone StJackson, MI 49201"
286,"Sold - Aug 15, 2023","$92,500",3bed,1.5bath,"1,060sqft1,060 square feet",0.31acre lot0.31 acre lot,"544 Seymour AveJackson, MI 49202"
287,"Sold - Oct 3, 2023","$189,900",3bed,2.5bath,"1,200sqft1,200 square feet","8,712sqft lot8,712 square foot lot","612 E Ganson StJackson, MI 49201"
288,"Sold - Aug 16, 2023","$189,900",3bed,2.5bath,"1,200sqft1,200 square feet","7,405sqft lot7,405 square foot lot","823 Maltby StJackson, MI 49202"
289,"Sold - Jul 13, 2023","$41,000",3bed,1bath,"1,152sqft1,152 square feet",0.33acre lot0.33 acre lot,"2608 Francis StJackson, MI 49203"
290,"Sold - Sep 27, 2023","$15,000",3bed,1bath,"1,260sqft1,260 square feet",0.29acre lot0.29 acre lot,"126 Damon StJackson, MI 49203"
291,"Sold - Jul 24, 2023","$30,000",,,,0.32acre lot0.32 acre lot,"204-206 E High StJackson, MI 49203"
292,"Sold - Jul 12, 2023","$169,000",2bed,2bath,"1,120sqft1,120 square feet",,"760 W Barrington CirJackson, MI 49203"
293,"Sold - Jul 31, 2023","$67,500",,,,"5,663sqft lot5,663 square foot lot","1308 E North StJackson, MI 49202"
294,"Sold - Sep 6, 2023","$24,900",,,,0.86acre lot0.86 acre lot,"Natural Ln Unit 29Jackson, MI 49203"
295,"Sold - Oct 26, 2023","$250,000",2bed,2bath,"2,648sqft2,648 square feet",0.29acre lot0.29 acre lot,"610 S 24th StJackson, MI 49203"
296,"Sold - Jun 22, 2023","$145,000",3bed,2.5bath,"1,118sqft1,118 square feet","7,405sqft lot7,405 square foot lot","813 Backus StJackson, MI 49202"
297,"Sold - Oct 16, 2023","$150,000",3bed,1bath,966sqft966 square feet,"5,663sqft lot5,663 square foot lot","1037 S Webster StJackson, MI 49203"
298,"Sold - Jun 29, 2023","$45,000",,,,10acre lot10 acre lot,"7025 Clinton RdJackson, MI 49201"
299,"Sold - Dec 8, 2023","$365,000",3bed,3bath,"3,228sqft3,228 square feet",0.4acre lot0.4 acre lot,"909 Briarcliff RdJackson, MI 49203"
300,"Sold - Jul 10, 2023","$297,000",3bed,3bath,"2,958sqft2,958 square feet",0.39acre lot0.39 acre lot,"5123 S Granite StJackson, MI 49201"
301,"Sold - Aug 9, 2023","$89,000",3bed,3bath,"1,188sqft1,188 square feet","6,534sqft lot6,534 square foot lot","837 Whitney StJackson, MI 49202"
302,"Sold - Oct 23, 2023","$185,000",3bed,1bath,"1,064sqft1,064 square feet","8,712sqft lot8,712 square foot lot","739 Randolph StJackson, MI 49203"
303,"Sold - Jul 10, 2023","$300,000",4bed,3bath,"1,986sqft1,986 square feet",8.9acre lot8.9 acre lot,"6920 Napoleon RdJackson, MI 49201"
304,"Sold - Oct 16, 2023","$23,000",,,,1.01acre lot1.01 acre lot,"Napoleon RdJackson, MI 49201"
305,"Sold - Aug 9, 2023","$197,500",4bed,2bath,"1,624sqft1,624 square feet",0.34acre lot0.34 acre lot,"3771 Saint Anne AveJackson, MI 49201"
306,"Sold - Aug 30, 2023","$70,000",2bed,1bath,800sqft800 square feet,"6,098sqft lot6,098 square foot lot","326 Adams StJackson, MI 49202"
307,"Sold - Oct 13, 2023","$114,900",2bed,1bath,"1,310sqft1,310 square feet","8,668sqft lot8,668 square foot lot","1206 E Ganson StJackson, MI 49201"
308,"Sold - Nov 3, 2023","$335,000",4bed,3.5bath,"3,500sqft3,500 square feet",0.34acre lot0.34 acre lot,"4189 Aspen WayJackson, MI 49201"
309,"Sold - Nov 15, 2023","$73,000",2bed,1bath,792sqft792 square feet,"5,663sqft lot5,663 square foot lot","910 Seymour AveJackson, MI 49202"
310,"Sold - Jul 13, 2023","$365,000",5bed,2.5+bath,"4,040sqft4,040 square feet",0.35acre lot0.35 acre lot,"901 Oakridge DrJackson, MI 49203"
311,"Sold - Aug 16, 2023","$314,900$2.1k",3bed,2.5bath,"2,591sqft2,591 square feet",1.72acre lot1.72 acre lot,"4156 Ida BlvdJackson, MI 49201"
312,"Sold - Sep 1, 2023","$175,000$1.5k",2bed,2bath,"1,128sqft1,128 square feet",,"1928 Coventry Cir Unit 29Jackson, MI 49201"
313,"Sold - Aug 28, 2023","$62,500",,,,5.53acre lot5.53 acre lot,"Burkhart RdJackson, MI 49201"
314,"Sold - Nov 20, 2023","$167,500",2bed,2bath,"1,120sqft1,120 square feet",,"904 Oak Brook DrJackson, MI 49203"
315,"Sold - Jul 24, 2023","$184,900",3bed,1bath,"1,642sqft1,642 square feet",0.27acre lot0.27 acre lot,"4027 Honeysuckle DrJackson, MI 49201"
316,"Sold - Aug 2, 2023","$475,000",4bed,3.5bath,"3,494sqft3,494 square feet",16acre lot16 acre lot,"4755 Culley LnJackson, MI 49201"
317,"Sold - Oct 13, 2023","$98,000",3bed,1bath,"1,100sqft1,100 square feet","4,356sqft lot4,356 square foot lot","715 S Pleasant StJackson, MI 49203"
318,"Sold - Aug 11, 2023","$309,900",4bed,3.5bath,"2,794sqft2,794 square feet",2.2acre lot2.2 acre lot,"7804 E Michigan AveJackson, MI 49201"
319,"Sold - Sep 22, 2023","$215,000$15k",5bed,2.5bath,"1,982sqft1,982 square feet",0.32acre lot0.32 acre lot,"3442 Loren DrJackson, MI 49203"
320,"Sold - Aug 1, 2023","$245,000",4bed,2bath,"1,825sqft1,825 square feet",0.32acre lot0.32 acre lot,"5608 Viking DrJackson, MI 49201"
321,"Sold - Jun 30, 2023","$215,000",3bed,2bath,"1,980sqft1,980 square feet",10acre lot10 acre lot,"6575 Ann Arbor RdJackson, MI 49201"
322,"Sold - Aug 3, 2023","$345,000",3bed,2bath,"1,606sqft1,606 square feet",0.84acre lot0.84 acre lot,"1239 Breezy LnJackson, MI 49201"
323,"Sold - Oct 20, 2023","$110,000",3bed,1bath,"1,237sqft1,237 square feet","8,712sqft lot8,712 square foot lot","610 Oakhill AveJackson, MI 49201"
324,"Sold - Nov 28, 2023","$84,000",,,,"8,712sqft lot8,712 square foot lot","Jackson, MI 49203"
325,"Sold - Oct 18, 2023","$225,000$5k",4bed,2bath,"1,879sqft1,879 square feet",0.24acre lot0.24 acre lot,"4217 Dartmoor LnJackson, MI 49203"
326,"Sold - Jul 5, 2023","$358,000",,,,1.5acre lot1.5 acre lot,"924 Ottney DrJackson, MI 49201"
327,"Sold - Jul 14, 2023","$40,000",,,,"6,534sqft lot6,534 square foot lot","108 N Durand StJackson, MI 49202"
328,"Sold - Sep 22, 2023","$167,000",4bed,2bath,"2,096sqft2,096 square feet",1.52acre lot1.52 acre lot,"4834 Lansing AveJackson, MI 49201"
329,"Sold - Nov 28, 2023","$90,000",,,,"8,712sqft lot8,712 square foot lot","326 Union StJackson, MI 49203"
330,"Sold - Nov 3, 2023","$212,000",3bed,1bath,"1,825sqft1,825 square feet",0.62acre lot0.62 acre lot,"5595 Viking DrJackson, MI 49201"
331,"Sold - Nov 3, 2023","$185,000",3bed,2bath,"2,237sqft2,237 square feet",0.28acre lot0.28 acre lot,"336 Seminole PlJackson, MI 49202"
332,"Sold - Sep 25, 2023","$131,000",3bed,1bath,"2,440sqft2,440 square feet",0.4acre lot0.4 acre lot,"925 S Gorham StJackson, MI 49203"
333,"Sold - Aug 15, 2023","$136,012",2bed,1bath,984sqft984 square feet,0.27acre lot0.27 acre lot,"156 N Dettman RdJackson, MI 49202"
334,"Sold - Sep 15, 2023","$265,000",4bed,2.5bath,"2,574sqft2,574 square feet",0.38acre lot0.38 acre lot,"1691 Poole DrJackson, MI 49202"
335,"Sold - Jun 30, 2023","$176,500",3bed,1.5bath,"2,400sqft2,400 square feet",0.4acre lot0.4 acre lot,"3009 Willoway DrJackson, MI 49201"
336,"Sold - Jun 16, 2023","$175,000",3bed,1.5bath,"1,212sqft1,212 square feet","5,793sqft lot5,793 square foot lot","259 Douglas StJackson, MI 49203"
337,"Sold - Aug 1, 2023","$139,000",2bed,1bath,"1,148sqft1,148 square feet",0.29acre lot0.29 acre lot,"623 Bellevue AveJackson, MI 49202"
338,"Sold - Jul 18, 2023","$285,000",4bed,2.5bath,"1,996sqft1,996 square feet",0.72acre lot0.72 acre lot,"5377 Deer Ridge RdJackson, MI 49201"
339,"Sold - Jun 16, 2023","$228,500",3bed,2bath,"1,337sqft1,337 square feet",0.46acre lot0.46 acre lot,"1335 Wunders CtJackson, MI 49201"
340,"Sold - Oct 18, 2023","$132,000$10k",3bed,2bath,"1,356sqft1,356 square feet","7,971sqft lot7,971 square foot lot","720 Jasper StJackson, MI 49203"
341,"Sold - Nov 1, 2023","$119,000",3bed,1bath,"1,054sqft1,054 square feet","5,663sqft lot5,663 square foot lot","728 Glenwood AveJackson, MI 49203"
342,"Sold - Jun 16, 2023","$63,400",2bed,2bath,"1,116sqft1,116 square feet","8,843sqft lot8,843 square foot lot","1011 4th StJackson, MI 49203"
343,"Sold - Jul 14, 2023","$141,000",3bed,1.5bath,"1,098sqft1,098 square feet","3,485sqft lot3,485 square foot lot","744 Carlton BlvdJackson, MI 49203"
344,"Sold - Nov 7, 2023","$68,000",2bed,1bath,704sqft704 square feet,"5,837sqft lot5,837 square foot lot","235 E Prospect StJackson, MI 49203"
345,"Sold - Nov 17, 2023","$248,000",5bed,1.5bath,"1,540sqft1,540 square feet",0.24acre lot0.24 acre lot,"3841 Westchester BlvdJackson, MI 49203"
346,"Sold - Nov 14, 2023","$195,000",3bed,1bath,949sqft949 square feet,0.24acre lot0.24 acre lot,"5645 Holly DrJackson, MI 49201"
347,"Sold - Aug 4, 2023","$235,000",2bed,1bath,858sqft858 square feet,10acre lot10 acre lot,"7498 Lincoln RdJackson, MI 49201"
348,"Sold - Aug 18, 2023","$665,000",4bed,2.5bath,"3,825sqft3,825 square feet",25.28acre lot25.28 acre lot,"2501 N Sandstone RdJackson, MI 49201"
349,"Sold - Sep 13, 2023","$365,000",3bed,2.5bath,"2,000sqft2,000 square feet",0.65acre lot0.65 acre lot,"2039 W Coachlight DrJackson, MI 49201"
350,"Sold - Sep 29, 2023","$250,000",4bed,2bath,"1,652sqft1,652 square feet",0.32acre lot0.32 acre lot,"2512 McCain RdJackson, MI 49203"
351,"Sold - Aug 1, 2023","$409,900",5bed,2.5bath,"3,963sqft3,963 square feet",3.5acre lot3.5 acre lot,"4557 Rives Junction RdJackson, MI 49201"
352,"Sold - Sep 8, 2023","$310,000$10.1k",4bed,2bath,"4,355sqft4,355 square feet",0.49acre lot0.49 acre lot,"1828 N Walmont RdJackson, MI 49203"
353,"Sold - Oct 19, 2023","$82,000",3bed,1bath,"1,847sqft1,847 square feet","9,148sqft lot9,148 square foot lot","1023 Maple AveJackson, MI 49203"
354,"Sold - Oct 13, 2023","$87,000",5bed,1.5+bath,"1,934sqft1,934 square feet",0.28acre lot0.28 acre lot,"608 W Ganson StJackson, MI 49201"
355,"Sold - Aug 23, 2023","$172,500$5k",3bed,1bath,"1,440sqft1,440 square feet","7,405sqft lot7,405 square foot lot","508 Heyser StJackson, MI 49203"
356,"Sold - Jul 12, 2023","$150,000",,2bath,"1,280sqft1,280 square feet",,"724 W Barrington CirJackson, MI 49203"
357,"Sold - Aug 24, 2023","$260,000",5bed,3.5+bath,"2,468sqft2,468 square feet",0.96acre lot0.96 acre lot,"1049 Orne StJackson, MI 49203"
358,"Sold - Jul 25, 2023","$205,500",3bed,2bath,"1,224sqft1,224 square feet",0.31acre lot0.31 acre lot,"2165 Maple DrJackson, MI 49203"
359,"Sold - Aug 14, 2023","$216,000",3bed,1.5bath,"1,719sqft1,719 square feet",0.5acre lot0.5 acre lot,"689 Leo RdJackson, MI 49203"
360,"Sold - Oct 24, 2023","$28,000",,,,2.52acre lot2.52 acre lot,"Wolhavn LnJackson, MI 49201"
361,"Sold - Sep 12, 2023","$160,000",4bed,1bath,"1,202sqft1,202 square feet",0.34acre lot0.34 acre lot,"2403 Twilight StJackson, MI 49203"
362,"Sold - Sep 18, 2023","$295,000",3bed,1.5bath,"1,250sqft1,250 square feet",14.97acre lot14.97 acre lot,"3851 Clarkway RdJackson, MI 49203"
363,"Sold - Nov 29, 2023","$269,500",3bed,2.5+bath,"2,327sqft2,327 square feet",0.28acre lot0.28 acre lot,"2321 Ridgeway RdJackson, MI 49203"
364,"Sold - Nov 15, 2023","$131,000",2bed,1bath,785sqft785 square feet,"5,200sqft lot5,200 square foot lot","531 Barrett AveJackson, MI 49202"
365,"Sold - Oct 20, 2023","$680,000",3bed,2.5bath,"2,300sqft2,300 square feet",3.34acre lot3.34 acre lot,"7764 Greenwood RdJackson, MI 49201"
366,"Sold - Sep 1, 2023","$22,500",2bed,1bath,"1,032sqft1,032 square feet","2,614sqft lot2,614 square foot lot","103 Mitchell StJackson, MI 49203"
367,"Sold - Aug 11, 2023","$209,000",3bed,2bath,"1,388sqft1,388 square feet",1acre lot1 acre lot,"2853 Walcott RdJackson, MI 49201"
368,"Sold - Aug 1, 2023","$128,000",3bed,1bath,"1,248sqft1,248 square feet","3,049sqft lot3,049 square foot lot","106 S Wisner StJackson, MI 49203"
369,"Sold - Sep 1, 2023","$310,000",4bed,2.5bath,"2,522sqft2,522 square feet",0.51acre lot0.51 acre lot,"5900 S Jackson RdJackson, MI 49201"
370,"Sold - Dec 8, 2023","$275,000$5.1k",3bed,2.5bath,"1,800sqft1,800 square feet",0.44acre lot0.44 acre lot,"4638 S Jackson RdJackson, MI 49201"
371,"Sold - Nov 17, 2023","$100,000",1bed,1bath,660sqft660 square feet,"5,227sqft lot5,227 square foot lot","2318 W Franklin StJackson, MI 49203"
372,"Sold - Nov 17, 2023","$252,500",4bed,2.5bath,"1,308sqft1,308 square feet",0.3acre lot0.3 acre lot,"1021 S Thompson StJackson, MI 49203"
373,"Sold - Nov 16, 2023","$156,600",3bed,1bath,"2,135sqft2,135 square feet","8,712sqft lot8,712 square foot lot","114 S Durand StJackson, MI 49203"
374,"Sold - Dec 4, 2023","$175,501",3bed,1bath,"1,136sqft1,136 square feet","4,922sqft lot4,922 square foot lot","769 Randolph StJackson, MI 49203"
375,"Sold - Nov 22, 2023","$150,000$2.5k",2bed,1bath,868sqft868 square feet,0.24acre lot0.24 acre lot,"520 Andrew AveJackson, MI 49202"
376,"Sold - Oct 23, 2023","$147,000",3bed,1bath,"1,174sqft1,174 square feet","9,583sqft lot9,583 square foot lot","599 Royal DrJackson, MI 49202"
377,"Sold - Dec 6, 2023","$70,000$1.4k",3bed,1bath,"1,144sqft1,144 square feet","4,269sqft lot4,269 square foot lot","1901 Deyo StJackson, MI 49203"
378,"Sold - Nov 27, 2023","$85,000",1bed,1bath,700sqft700 square feet,"8,276sqft lot8,276 square foot lot","241 Kenneth StJackson, MI 49203"
379,"Sold - Aug 11, 2023","$185,000",3bed,1.5bath,"1,274sqft1,274 square feet",0.27acre lot0.27 acre lot,"817 Eaton StJackson, MI 49202"
380,"Sold - Aug 29, 2023","$275,000",2bed,1bath,978sqft978 square feet,"6,120sqft lot6,120 square foot lot","8081 Fairview CtJackson, MI 49201"
381,"Sold - Sep 14, 2023","$110,000",2bed,1bath,945sqft945 square feet,"6,534sqft lot6,534 square foot lot","202 Fifth StJackson, MI 49203"
382,"Sold - Sep 11, 2023","$130,000",3bed,1bath,"1,636sqft1,636 square feet",0.6acre lot0.6 acre lot,"1615 Gilletts Lake RdLeoni Township, MI 49201"
383,"Sold - Nov 21, 2023","$160,000",3bed,1bath,"1,525sqft1,525 square feet",1.21acre lot1.21 acre lot,"5835 Stony Lake RdJackson, MI 49201"
384,"Sold - Nov 13, 2023","$277,500$4k",3bed,2bath,"1,842sqft1,842 square feet",0.27acre lot0.27 acre lot,"1321 Catsyl RdJackson, MI 49203"
385,"Sold - Aug 4, 2023","$43,000",1bed,1bath,600sqft600 square feet,2acre lot2 acre lot,"7640 Clark Lake RdJackson, MI 49201"
386,"Sold - Oct 10, 2023","$203,000",3bed,2bath,"2,413sqft2,413 square feet",0.34acre lot0.34 acre lot,"115 W Meadow Heights AveJackson, MI 49203"
387,"Sold - Sep 15, 2023","$170,000",3bed,1bath,988sqft988 square feet,1.08acre lot1.08 acre lot,"327 Fernwood AveSummit Township, MI 49203"
388,"Sold - Sep 29, 2023","$108,000$10k",2bed,1.5bath,"1,080sqft1,080 square feet","8,712sqft lot8,712 square foot lot","1009 Henrietta StSummit Township, MI 49203"
389,"Sold - Jun 22, 2023","$215,000",2bed,1bath,900sqft900 square feet,0.3acre lot0.3 acre lot,"246 Ackerson Lake DrJackson, MI 49201"
390,"Sold - Jun 22, 2023","$435,000",4bed,3.5bath,"5,256sqft5,256 square feet",5.45acre lot5.45 acre lot,"1942 Park DrJackson, MI 49203"
391,"Sold - Jul 12, 2023","$179,040",3bed,2bath,"1,536sqft1,536 square feet",1.03acre lot1.03 acre lot,"4121 McArthur RdJackson, MI 49203"
392,"Sold - Aug 29, 2023","$167,000",3bed,1bath,952sqft952 square feet,0.28acre lot0.28 acre lot,"4016 Rodman DrJackson, MI 49203"
393,"Sold - Sep 29, 2023","$281,000",3bed,2bath,"2,812sqft2,812 square feet",0.31acre lot0.31 acre lot,"1313 Catsyl RdJackson, MI 49203"
394,"Sold - Jun 14, 2023","$289,900$5.1k",3bed,2.5bath,"1,780sqft1,780 square feet",0.71acre lot0.71 acre lot,"4119 Feldman CtJackson, MI 49201"
395,"Sold - Nov 30, 2023","$390,000",5bed,3.5bath,"2,054sqft2,054 square feet",0.5acre lot0.5 acre lot,"4026 Kingston CtJackson, MI 49203"
396,"Sold - Jul 24, 2023","$185,000",3bed,1.5bath,"1,701sqft1,701 square feet",0.36acre lot0.36 acre lot,"121 W Southfield DrJackson, MI 49203"
397,"Sold - Jul 31, 2023","$315,000",4bed,1.5bath,"1,572sqft1,572 square feet",1.4acre lot1.4 acre lot,"5716 Brooklyn RdJackson, MI 49201"
398,"Sold - Jul 18, 2023","$180,000",2bed,1bath,816sqft816 square feet,2acre lot2 acre lot,"10110 Seymour RdJackson, MI 49240"
399,"Sold - Nov 27, 2023","$105,000",2bed,2bath,850sqft850 square feet,"3,049sqft lot3,049 square foot lot","103 Ridge StJackson, MI 49203"
400,"Sold - Dec 12, 2023","$295,000",3bed,2bath,"1,450sqft1,450 square feet",0.33acre lot0.33 acre lot,"1219 Annadan CtJackson, MI 49203"
401,"Sold - Sep 13, 2023","$205,000$30k",2bed,1.5bath,816sqft816 square feet,0.93acre lot0.93 acre lot,"616 Hinckley BlvdJackson, MI 49203"
402,"Sold - Jul 7, 2023","$235,000",3bed,2bath,"1,548sqft1,548 square feet",0.78acre lot0.78 acre lot,"7749 Napoleon RdJackson, MI 49201"
403,"Sold - Sep 14, 2023","$25,000",,,,5.63acre lot5.63 acre lot,"Vl Henry RdJackson, MI 49201"
404,"Sold - Jun 20, 2023","$14,400",,,,1.29acre lot1.29 acre lot,"900 E McDevitt AveJackson, MI 49203"
405,"Sold - Oct 6, 2023","$420,000",3bed,2.5bath,"3,331sqft3,331 square feet",30.83acre lot30.83 acre lot,"5988 Murray RdBlackman Township, MI 49201"
406,"Sold - Nov 6, 2023","$112,550",2bed,1bath,"1,017sqft1,017 square feet","5,227sqft lot5,227 square foot lot","501 Hudson AveJackson, MI 49203"
407,"Sold - Aug 22, 2023","$152,000",4bed,1bath,"1,080sqft1,080 square feet","7,405sqft lot7,405 square foot lot","128 Ronald RdJackson, MI 49203"
408,"Sold - Aug 25, 2023","$119,000",3bed,1bath,864sqft864 square feet,"4,356sqft lot4,356 square foot lot","109 Cass AveJackson, MI 49203"
409,"Sold - Oct 6, 2023","$99,900",2bed,1bath,"1,019sqft1,019 square feet","3,049sqft lot3,049 square foot lot","4811 Francis StJackson, MI 49203"
410,"Sold - Nov 3, 2023","$170,000",4bed,2bath,"1,766sqft1,766 square feet",0.7acre lot0.7 acre lot,"110 N Street CtJackson, MI 49201"
411,"Sold - Jun 22, 2023","$17,500",,,,0.92acre lot0.92 acre lot,"Silkworth BlvdJackson, MI 49201"
412,"Sold - Jul 21, 2023","$108,000",2bed,1bath,868sqft868 square feet,0.5acre lot0.5 acre lot,"2531 Shirley DrBlackman Township, MI 49202"
413,"Sold - Jun 15, 2023","$94,000",2bed,1.5bath,900sqft900 square feet,0.23acre lot0.23 acre lot,"9437 Cady RdJackson, MI 49201"
414,"Sold - Oct 18, 2023","$348,000",3bed,2.5bath,"1,756sqft1,756 square feet",1.66acre lot1.66 acre lot,"4035 S Stony Meadows DrJackson, MI 49201"
415,"Sold - Oct 12, 2023","$40,500",3bed,1.5bath,"1,597sqft1,597 square feet",1acre lot1 acre lot,"103 N Street CtJackson, MI 49201"
416,"Sold - Aug 2, 2023","$155,000",2bed,1bath,"1,104sqft1,104 square feet",1.25acre lot1.25 acre lot,"2359 E South StLeoni Township, MI 49201"
417,"Sold - Jun 30, 2023","$193,000",4bed,1bath,"1,440sqft1,440 square feet",0.26acre lot0.26 acre lot,"4120 N Draper RdJackson, MI 49203"
418,"Sold - Jun 30, 2023","$141,000",2bed,1bath,"1,351sqft1,351 square feet","6,098sqft lot6,098 square foot lot","517 Cass AveJackson, MI 49203"
419,"Sold - Jul 7, 2023","$172,000",3bed,1bath,"1,064sqft1,064 square feet",0.48acre lot0.48 acre lot,"527 Gregory PlLeoni Township, MI 49202"
